insert into athletes (athlete_id, first_name, last_name, email_address, sport_name, points_won, games_won, games_lost, height, weight, age, gender, status) values ('693db96d-ac78-468a-87ba-60f00191f358', 'Stanwood', 'Mathet', 'smathet0@marketwatch.com', 'basketball', 24, 26, 29, 70.3, 164.2, 20, 'Male', 'AVAILABLE');
insert into athletes (athlete_id, first_name, last_name, email_address, sport_name, points_won, games_won, games_lost, height, weight, age, gender, status) values ('316dbd89-ba74-4273-a85b-a07363b336d9', 'Alvy', 'Bottini', 'abottini1@amazon.co.uk', 'basketball', 99, 10, 42, 78.5, 258.1, 22, 'Male','INJURED');
insert into athletes (athlete_id, first_name, last_name, email_address, sport_name, points_won, games_won, games_lost, height, weight, age, gender, status) values ('c3ce7a49-f789-455e-8e7a-5fc20d491fa6', 'Kip', 'Conws', 'kconws2@fda.gov', 'football', 69, 22, 12, 78.5, 215.6, 21, 'Female', 'AVAILABLE');
insert into athletes (athlete_id, first_name, last_name, email_address, sport_name, points_won, games_won, games_lost, height, weight, age, gender, status) values ('8986e2c8-0b3b-4fff-9b0b-30d7e5cc8982', 'Julie', 'Beverley', 'jbeverley3@columbia.edu', 'volleyball', 38, 44, 19, 61.9, 249.0, 19, 'Male', 'AVAILABLE');
insert into athletes (athlete_id, first_name, last_name, email_address, sport_name, points_won, games_won, games_lost, height, weight, age, gender, status) values ('ef915c44-c725-42cd-a8e2-f01b4bfa9456', 'Iormina', 'Bann', 'ibann4@arstechnica.com', 'football', 69, 48, 47, 68.0, 259.4, 23, 'Female', 'AVAILABLE');
insert into athletes (athlete_id, first_name, last_name, email_address, sport_name, points_won, games_won, games_lost, height, weight, age, gender, status) values ('0f5864b4-203b-4932-9e28-65df721b0793', 'Ber', 'Sowersby', 'bsowersby5@mac.com', 'badminton', 39, 16, 34, 71.0, 238.4, 21, 'Male', 'AVAILABLE');
insert into athletes (athlete_id, first_name, last_name, email_address, sport_name, points_won, games_won, games_lost, height, weight, age, gender, status) values ('ac2ddc02-523d-4d51-b800-61f5e176abe6', 'Leslie', 'Jerok', 'ljerok6@bloomberg.com', 'volleyball', 74, 9, 46, 76.6, 150.8, 23, 'Female', 'AVAILABLE');
insert into athletes (athlete_id, first_name, last_name, email_address, sport_name, points_won, games_won, games_lost, height, weight, age, gender, status) values ('121e09e8-cfae-4f18-a52d-e88fc8daed0f', 'Allen', 'Everley', 'aeverley7@usnews.com', 'badminton', 90, 18, 10, 58.6, 135.7, 23, 'Male', 'AVAILABLE');
insert into coaches (coach_id, first_name, last_name, emailAddress, phone_number, salary, title) values ('b15c35ae-c3c1-4c2c-ac5d-0a63277e9389', 'Eugenio', 'Matuszkiewicz', 'ematuszkiewicz0@shutterfly.com', '962-296-3078', 8371, 'Subcontractor');
insert into coaches (coach_id, first_name, last_name, emailAddress, phone_number, salary, title) values ('70736e5a-abb1-4cac-b546-f9c2b7669d51', 'Rene', 'Malloch', 'rmalloch1@amazon.co.uk', '472-252-0161', 19533, 'Construction Expeditor');
insert into coaches (coach_id, first_name, last_name, emailAddress, phone_number, salary, title) values ('573a1f61-9431-4c40-83e6-e1b090d7d10a', 'Lyndel', 'Mitchall', 'lmitchall2@pinterest.com', '180-773-1601', 5990, 'Construction Manager');
insert into coaches (coach_id, first_name, last_name, emailAddress, phone_number, salary, title) values ('80d98aa2-f2d8-4bc7-b3d7-cac3d269b1d0', 'Alwyn', 'Elcoat', 'aelcoat3@google.fr', '382-150-1648', 2093, 'Project Manager');
insert into coaches (coach_id, first_name, last_name, emailAddress, phone_number, salary, title) values ('374be8c9-58ff-47fb-bd06-12372585399b', 'Reggie', 'Brabben', 'rbrabben4@reference.com', '991-107-4587', 19957, 'Surveyor');
insert into coaches (coach_id, first_name, last_name, emailAddress, phone_number, salary, title) values ('2439b784-a59b-4148-9a50-79fd1171b9e4', 'Leann', 'Healks', 'lhealks5@gov.uk', '178-406-5442', 10010, 'Construction Manager');
insert into sports (sport_id, name) values ('514c3c6f-8e4e-47c7-9d93-e7d16da9f7a3', 'volleyball');
insert into sports (sport_id, name) values ('4d4cc02f-8a7e-456a-8def-739ddd2ba292', 'football');
insert into sports (sport_id, name) values ('a4f26aae-0dc4-480e-9dfd-e8ee162255fb', 'basketball');
insert into sports (sport_id, name) values ('0e68ddb1-aa16-41bc-8aad-c9e8c80f3efd', 'badminton');
insert into events (event_id, sport_id, event_type, status, score, thedate, duration, streetAddress, city, province, country, postalCode) values ('DA2G93CK87ZP8NW6', 'a4f26aae-0dc4-480e-9dfd-e8ee162255fb', 'GAME', 'PASSED', '88-70', '2022-08-09', 90, '740 Clove Street', 'Burns Lake', 'Quebec', 'Canada', 'M4H');
insert into events (event_id, sport_id, event_type, status, score, thedate, duration, streetAddress, city, province, country, postalCode) values ('T5VYG862FDS8PTQY', '4d4cc02f-8a7e-456a-8def-739ddd2ba292', 'GAME', 'PASSED', '2-1', '2022-05-31', 90, '56056 Morningstar Pass', 'Nelson', 'Quebec', 'Canada', 'V1L');
insert into events (event_id, sport_id, event_type, status, score, thedate, duration, streetAddress, city, province, country, postalCode) values ('0APQX40KV8M0WOAG', '514c3c6f-8e4e-47c7-9d93-e7d16da9f7a3', 'GAME', 'PASSED', '30-28', '2022-11-11', 90, '76454 Westerfield Plaza', 'Beauharnois', 'Quebec', 'Canada', 'J6N');
insert into events (event_id, sport_id, event_type, status, score, thedate, duration, streetAddress, city, province, country, postalCode) values ('HGJ949U32EGICU4Z', '4d4cc02f-8a7e-456a-8def-739ddd2ba292', 'TOURNAMENT', 'IN_PROCESS', '1-3', '2023-04-10', 90, '7 Loeprich Hill', 'Inuvik', 'Quebec', 'Canada', 'E8L');
insert into events (event_id, sport_id, event_type, status, score, thedate, duration, streetAddress, city, province, country, postalCode) values ('OBDRBEOV9JA0JZYH', 'a4f26aae-0dc4-480e-9dfd-e8ee162255fb', 'TOURNAMENT', 'IN_PROGRESS', '46-35', '2022-04-09', 90, '65 Maywood Drive', 'Roblin', 'Quebec', 'Canada', 'R7N');
insert into events (event_id, sport_id, event_type, status, score, thedate, duration, streetAddress, city, province, country, postalCode) values ('5H7ASAIDQO4J0US0', '514c3c6f-8e4e-47c7-9d93-e7d16da9f7a3', 'GAME', 'COMING_UP', 'TBA', '2023-05-18', 90, '778 Menomonie Point', 'North York', 'Quebec', 'Canada', 'M3H');
insert into events (event_id, sport_id, event_type, status, score, thedate, duration, streetAddress, city, province, country, postalCode) values ('CM1SZFBWXKY170MS', '0e68ddb1-aa16-41bc-8aad-c9e8c80f3efd', 'TOURNAMENT', 'COMING_UP', 'TBA', '2023-03-14', 90, '5 Mendota Way', 'Papineauville', 'Quebec', 'Canada', 'G5N');
insert into events (event_id, sport_id, event_type, status, score, thedate, duration, streetAddress, city, province, country, postalCode) values ('SRVBFK5EEPRTO5FA', '0e68ddb1-aa16-41bc-8aad-c9e8c80f3efd', 'GAME', 'COMING_UP', 'TBA', '2023-08-16', 90, '1272 Mockingbird Avenue', 'Greater Napanee', 'Quebec', 'Canada', 'K7R');
insert into events (event_id, sport_id, event_type, status, score, thedate, duration, streetAddress, city, province, country, postalCode) values ('ZNO3MQZXLUCCV19T', '514c3c6f-8e4e-47c7-9d93-e7d16da9f7a3', 'GAME', 'COMING_UP', 'TBA', '2022-10-20', 90, '3704 Straubel Place', 'Mont-Saint-Hilaire', 'Quebec', 'Canada', 'J3H');
insert into events (event_id, sport_id, event_type, status, score, thedate, duration, streetAddress, city, province, country, postalCode) values ('6S9L3LTP1Q6U263B', '4d4cc02f-8a7e-456a-8def-739ddd2ba292', 'TOURNAMENT', 'PASSED', '5-2', '2022-12-07', 90, '08490 Fieldstone Parkway', 'Middleton', 'Quebec', 'Canada', 'K9V');
insert into events (event_id, sport_id, event_type, status, score, thedate, duration, streetAddress, city, province, country, postalCode) values ('NX34AQN79VZDIBXU', '514c3c6f-8e4e-47c7-9d93-e7d16da9f7a3', 'TOURNAMENT', 'COMING_UP', '27', '2023-07-02', 90, '06131 Express Point', 'Morden', 'Quebec', 'Canada', 'R6M');
insert into events (event_id, sport_id, event_type, status, score, thedate, duration, streetAddress, city, province, country, postalCode) values ('UTWMRW7QP0TVP7RC', 'a4f26aae-0dc4-480e-9dfd-e8ee162255fb', 'GAME', 'PASSED', '98-69', '2022-06-13', 90, '08122 Pennsylvania Avenue', 'Strathmore', 'Quebec', 'Canada', 'T1P');
insert into events (event_id, sport_id, event_type, status, score, thedate, duration, streetAddress, city, province, country, postalCode) values ('BYQ4YR18WWNN6CL4', 'a4f26aae-0dc4-480e-9dfd-e8ee162255fb', 'TOURNAMENT', 'PASSED', '70-58', '2022-11-11', 90, '71659 Scofield Trail', 'Casselman', 'Quebec', 'Canada', 'G8A');
insert into events (event_id, sport_id, event_type, status, score, thedate, duration, streetAddress, city, province, country, postalCode) values ('I3KW5XVR31H6DHFN', '0e68ddb1-aa16-41bc-8aad-c9e8c80f3efd', 'GAME', 'COMING_UP', 'TBA', '2023-01-01', 90, '5 Beilfuss Hill', 'Magrath', 'Quebec', 'Canada', 'J7G');
insert into events (event_id, sport_id, event_type, status, score, thedate, duration, streetAddress, city, province, country, postalCode) values ('YZEFL2P9K6BOUM85', '514c3c6f-8e4e-47c7-9d93-e7d16da9f7a3', 'GAME', 'COMING_UP', 'TBA', '2022-11-09', 90, '78938 Debs Avenue', 'Two Hills', 'Quebec', 'Canada', 'J9H');