insert into athlete (id, first_name, last_name, email_address, sport_name, points_won, games_won, games_lost, height, weight, age, gender, status) values (1, 'Stanwood', 'Mathet', 'smathet0@marketwatch.com', null, 24, 26, 29, 70.3, 164.2, 20, 'Male', null);
insert into athlete (id, first_name, last_name, email_address, sport_name, points_won, games_won, games_lost, height, weight, age, gender, status) values (2, 'Alvy', 'Bottini', 'abottini1@amazon.co.uk', null, 99, 10, 42, 78.5, 258.1, 22, 'Male', null);
insert into athlete (id, first_name, last_name, email_address, sport_name, points_won, games_won, games_lost, height, weight, age, gender, status) values (3, 'Kip', 'Conws', 'kconws2@fda.gov', null, 69, 22, 12, 78.5, 215.6, 21, 'Female', null);
insert into athlete (id, first_name, last_name, email_address, sport_name, points_won, games_won, games_lost, height, weight, age, gender, status) values (4, 'Julie', 'Beverley', 'jbeverley3@columbia.edu', null, 38, 44, 19, 61.9, 249.0, 19, 'Male', null);
insert into athlete (id, first_name, last_name, email_address, sport_name, points_won, games_won, games_lost, height, weight, age, gender, status) values (5, 'Iormina', 'Bann', 'ibann4@arstechnica.com', null, 69, 48, 47, 68.0, 259.4, 23, 'Female', null);
insert into athlete (id, first_name, last_name, email_address, sport_name, points_won, games_won, games_lost, height, weight, age, gender, status) values (6, 'Ber', 'Sowersby', 'bsowersby5@mac.com', null, 39, 16, 34, 71.0, 238.4, 21, 'Male', null);
insert into athlete (id, first_name, last_name, email_address, sport_name, points_won, games_won, games_lost, height, weight, age, gender, status) values (7, 'Leslie', 'Jerok', 'ljerok6@bloomberg.com', null, 74, 9, 46, 76.6, 150.8, 23, 'Female', null);
insert into athlete (id, first_name, last_name, email_address, sport_name, points_won, games_won, games_lost, height, weight, age, gender, status) values (8, 'Allen', 'Everley', 'aeverley7@usnews.com', null, 90, 18, 10, 58.6, 135.7, 23, 'Male', null);
insert into athlete (id, first_name, last_name, email_address, sport_name, points_won, games_won, games_lost, height, weight, age, gender, status) values (9, 'Paten', 'Bustin', 'pbustin8@zimbio.com', null, 23, 41, 42, 54.8, 221.3, 19, 'Male', null);
insert into athlete (id, first_name, last_name, email_address, sport_name, points_won, games_won, games_lost, height, weight, age, gender, status) values (10, 'Ignacio', 'Maskew', 'imaskew9@nydailynews.com', null, 97, 18, 35, 76.4, 166.6, 18, 'Male', null);
insert into athlete (id, first_name, last_name, email_address, sport_name, points_won, games_won, games_lost, height, weight, age, gender, status) values (11, 'Wes', 'Ungaretti', 'wungarettia@prnewswire.com', null, 99, 40, 31, 66.4, 105.8, 19, 'Male', null);
insert into athlete (id, first_name, last_name, email_address, sport_name, points_won, games_won, games_lost, height, weight, age, gender, status) values (12, 'Hersch', 'Weatherburn', 'hweatherburnb@slashdot.org', null, 42, 19, 24, 58.3, 119.9, 22, 'Male', null);
insert into athlete (id, first_name, last_name, email_address, sport_name, points_won, games_won, games_lost, height, weight, age, gender, status) values (13, 'Penny', 'Danick', 'pdanickc@independent.co.uk', null, 79, 48, 5, 74.0, 276.8, 20, 'Male', null);
insert into athlete (id, first_name, last_name, email_address, sport_name, points_won, games_won, games_lost, height, weight, age, gender, status) values (14, 'Richmond', 'Martinson', 'rmartinsond@businessweek.com', null, 56, 7, 10, 62.7, 210.5, 23, 'Male', null);
insert into athlete (id, first_name, last_name, email_address, sport_name, points_won, games_won, games_lost, height, weight, age, gender, status) values (15, 'Pall', 'Wickling', 'pwicklinge@linkedin.com', null, 44, 14, 18, 53.0, 143.8, 20, 'Male', null);
insert into sports (sport_id, type) values ('514c3c6f-8e4e-47c7-9d93-e7d16da9f7a3', 'volleyball');
insert into sports (sport_id, type) values ('4d4cc02f-8a7e-456a-8def-739ddd2ba292', 'football');
insert into sports (sport_id, type) values ('a4f26aae-0dc4-480e-9dfd-e8ee162255fb', 'basketball');
insert into sports (sport_id, type) values ('0e68ddb1-aa16-41bc-8aad-c9e8c80f3efd', 'badminton');
insert into events (event_id, sport_id, event_type, status, score, date, duration, streetAddress, city, province, country, postalCode) values ('DA2G93CK87ZP8NW6', 'a4f26aae-0dc4-480e-9dfd-e8ee162255fb', 'GAME', 'PASSED', '88-70', '10/28/2022', 90, '740 Clove Street', 'Burns Lake', 'Quebec', 'Canada', 'M4H');
insert into events (event_id, sport_id, event_type, status, score, date, duration, streetAddress, city, province, country, postalCode) values ('T5VYG862FDS8PTQY', '4d4cc02f-8a7e-456a-8def-739ddd2ba292', 'GAME', 'PASSED', '2-1', '5/31/2022', 90, '56056 Morningstar Pass', 'Nelson', 'Quebec', 'Canada', 'V1L');
insert into events (event_id, sport_id, event_type, status, score, date, duration, streetAddress, city, province, country, postalCode) values ('0APQX40KV8M0WOAG', '514c3c6f-8e4e-47c7-9d93-e7d16da9f7a3', 'GAME', 'PASSED', '30-28', '11/11/2022', 90, '76454 Westerfield Plaza', 'Beauharnois', 'Quebec', 'Canada', 'J6N');
insert into events (event_id, sport_id, event_type, status, score, date, duration, streetAddress, city, province, country, postalCode) values ('HGJ949U32EGICU4Z', '4d4cc02f-8a7e-456a-8def-739ddd2ba292', 'TOURNAMENT', 'IN_PROCESS', '1-3', '12/14/2022', 90, '7 Loeprich Hill', 'Inuvik', 'Quebec', 'Canada', 'E8L');
insert into events (event_id, sport_id, event_type, status, score, date, duration, streetAddress, city, province, country, postalCode) values ('OBDRBEOV9JA0JZYH', 'a4f26aae-0dc4-480e-9dfd-e8ee162255fb', 'TOURNAMENT', 'IN_PROGRESS', '46-35', '11/13/2022', 90, '65 Maywood Drive', 'Roblin', 'Quebec', 'Canada', 'R7N');
insert into events (event_id, sport_id, event_type, status, score, date, duration, streetAddress, city, province, country, postalCode) values ('5H7ASAIDQO4J0US0', '514c3c6f-8e4e-47c7-9d93-e7d16da9f7a3', 'GAME', 'COMING_UP', 'TBA', '5/19/2022', 90, '778 Menomonie Point', 'North York', 'Quebec', 'Canada', 'M3H');
insert into events (event_id, sport_id, event_type, status, score, date, duration, streetAddress, city, province, country, postalCode) values ('CM1SZFBWXKY170MS', '0e68ddb1-aa16-41bc-8aad-c9e8c80f3efd', 'TOURNAMENT', 'COMING_UP', 'TBA', '11/3/2022', 90, '5 Mendota Way', 'Papineauville', 'Quebec', 'Canada', 'G5N');
insert into events (event_id, sport_id, event_type, status, score, date, duration, streetAddress, city, province, country, postalCode) values ('SRVBFK5EEPRTO5FA', '0e68ddb1-aa16-41bc-8aad-c9e8c80f3efd', 'GAME', 'COMING_UP', 'TBA', '8/16/2022', 90, '1272 Mockingbird Avenue', 'Greater Napanee', 'Quebec', 'Canada', 'K7R');
insert into events (event_id, sport_id, event_type, status, score, date, duration, streetAddress, city, province, country, postalCode) values ('ZNO3MQZXLUCCV19T', '514c3c6f-8e4e-47c7-9d93-e7d16da9f7a3', 'GAME', 'COMING_UP', 'TBA', '10/20/2022', 90, '3704 Straubel Place', 'Mont-Saint-Hilaire', 'Quebec', 'Canada', 'J3H');
insert into events (event_id, sport_id, event_type, status, score, date, duration, streetAddress, city, province, country, postalCode) values ('6S9L3LTP1Q6U263B', '4d4cc02f-8a7e-456a-8def-739ddd2ba292', 'TOURNAMENT', 'PASSED', '5-2', '12/7/2022', 90, '08490 Fieldstone Parkway', 'Middleton', 'Quebec', 'Canada', 'K9V');
insert into events (event_id, sport_id, event_type, status, score, date, duration, streetAddress, city, province, country, postalCode) values ('NX34AQN79VZDIBXU', '514c3c6f-8e4e-47c7-9d93-e7d16da9f7a3', 'TOURNAMENT', 'COMING_UP', '27', '9/22/2022', 90, '06131 Express Point', 'Morden', 'Quebec', 'Canada', 'R6M');
insert into events (event_id, sport_id, event_type, status, score, date, duration, streetAddress, city, province, country, postalCode) values ('UTWMRW7QP0TVP7RC', 'a4f26aae-0dc4-480e-9dfd-e8ee162255fb', 'GAME', 'PASSED', '98-69', '9/4/2022', 90, '08122 Pennsylvania Avenue', 'Strathmore', 'Quebec', 'Canada', 'T1P');
insert into events (event_id, sport_id, event_type, status, score, date, duration, streetAddress, city, province, country, postalCode) values ('BYQ4YR18WWNN6CL4', 'a4f26aae-0dc4-480e-9dfd-e8ee162255fb', 'TOURNAMENT', 'PASSED', '70-58', '11/11/2022', 90, '71659 Scofield Trail', 'Casselman', 'Quebec', 'Canada', 'G8A');
insert into events (event_id, sport_id, event_type, status, score, date, duration, streetAddress, city, province, country, postalCode) values ('I3KW5XVR31H6DHFN', '0e68ddb1-aa16-41bc-8aad-c9e8c80f3efd', 'GAME', 'COMING_UP', 'TBA', '1/1/2023', 90, '5 Beilfuss Hill', 'Magrath', 'Quebec', 'Canada', 'J7G');
insert into events (event_id, sport_id, event_type, status, score, date, duration, streetAddress, city, province, country, postalCode) values ('YZEFL2P9K6BOUM85', '514c3c6f-8e4e-47c7-9d93-e7d16da9f7a3', 'GAME', 'COMING_UP', 'TBA', '11/9/2022', 90, '78938 Debs Avenue', 'Two Hills', 'Quebec', 'Canada', 'J9H');

